TranNum;InsNum;ExternalParty;PricingModel;MTM;CCY;Way
4342;6941;CLFRFRPP;Inflation;9065178.849;EUR;Pay
7512;8197;Bank;Inflation;9274015.451;EUR;Pay
5669;1504;Bank;Inflation;3644623.898;GBP;Rec
644;6515;CLFRFRPP;Discounting;6464395.804;GBP;Rec
2202;7477;Bank;Inflation;506188.0004;EUR;Rec
5390;4906;Bank;Inflation;2434325.175;EUR;Pay
5127;5795;CLFRFRPP;Discounting;6831522.465;EUR;Pay
7751;6981;Bank;Inflation;9468401.974;GBP;Rec
6844;3082;Bank;Discounting;3720910.905;GBP;Rec
2775;6753;Bank;Inflation;2001036.883;EUR;Rec
7333;1308;CLFRFRPP;Inflation;1066421.562;EUR;Pay
5041;3029;Bank;Inflation;3267038.712;EUR;Pay
8780;154;Bank;Discounting;6119111.597;GBP;Rec
3130;212;Bank;Inflation;2644851.665;GBP;Rec
8634;705;CLFRFRPP;Discounting;4665473.581;EUR;Rec
296;7114;Bank;Discounting;7844594.135;EUR;Pay
2009;6945;Bank;Inflation;9812141.75;EUR;Pay
7924;2602;Bank;Discounting;6636204.577;GBP;Rec
8139;4171;Bank;Inflation;4015048.684;GBP;Rec
9963;5526;Bank;Inflation;6006092.211;EUR;Rec
2082;6150;Bank;Discounting;5286665.7;EUR;Pay
6674;713;Bank;Inflation;4671123.792;EUR;Pay
7001;6687;Bank;Inflation;2276252.814;GBP;Rec
6941;4342;CLFRFRPP;Inflation;9065178.849;USD;Pay
8197;7512;Bank;Discounting;9274015.451;USD;Pay
1504;5669;Bank;Inflation;3644623.898;GBP;Rec
6515;644;CLFRFRPP;Inflation;6464395.804;GBP;Rec
7477;2202;Bank;Discounting;506188.0004;USD;Rec
4906;5390;Bank;Discounting;2434325.175;USD;Pay
5795;5127;CLFRFRPP;Discounting;6831522.465;USD;Pay
6981;7751;Bank;Discounting;9468401.974;GBP;Rec
3082;6844;Bank;Discounting;3720910.905;GBP;Rec
6753;2775;Bank;Inflation;2001036.883;USD;Rec
1308;7333;CLFRFRPP;Discounting;1066421.562;USD;Pay
3029;5041;Bank;Inflation;3267038.712;USD;Pay
154;8780;Bank;Inflation;6119111.597;GBP;Rec
212;3130;Bank;Discounting;2644851.665;GBP;Rec
705;8634;CLFRFRPP;Discounting;4665473.581;USD;Rec
7114;296;Bank;Inflation;7844594.135;USD;Pay
6945;2009;Bank;Discounting;9812141.75;USD;Pay
2602;7924;FSAM;Inflation;6636204.577;GBP;Rec
4171;8139;FSMA;Inflation;4015048.684;GBP;Rec
5526;9963;Bank;Inflation;6006092.211;USD;Rec
6150;2082;Bank;Inflation;5286665.7;USD;Pay
713;6674;Bank;Discounting;4671123.792;USD;Pay
6687;7001;Bank;Inflation;2276252.814;GBP;Rec
