TranNum;InsNum;Daily_PL;YTD_PNL;CCY
4342;6941;-467,398.21;-2,089,850.73;EUR
7512;8197;-482,338.32;-4,584,413.12;EUR
5669;1504;631,583.87;13,120,157.32;GBP
644;6515;690,188.69;-5,772,013.98;GBP
2202;7477;-51,988.03;10,760,259.26;EUR
5390;4906;617,789.18;-445,053.31;EUR
5127;5795;761,464.88;7,878,567.57;EUR
7751;6981;-413,620.51;8,538,082.95;GBP
6844;3082;510,123.29;13,348,540.53;GBP
2775;6753;-331,446.22;12,158,376.09;EUR
7333;1308;789,616.38;14,498,409.59;EUR
5041;3029;-178,182.56;9,944,402.64;EUR
8780;154;735,825.00;-4,796,799.95;GBP
3130;212;-389,493.98;13,051,988.97;GBP
8634;705;852,629.25;8,877,337.66;EUR
296;7114;508,689.22;-760,619.11;EUR
2009;6945;-80,112.43;-1,249,186.87;EUR
7924;2602;-84,810.11;12,930,193.90;GBP
8139;4171;683,773.09;-2,847,038.15;GBP
9963;5526;-455,858.92;9,583,051.46;EUR
2082;6150;-6,221.18;-3,333,304.73;EUR
6674;713;821,459.49;13,655,971.05;EUR
7001;6687;-387,309.82;12,050,362.60;GBP
6941;4342;-379,880.95;12,540,773.14;USD
8197;7512;767,488.65;-4,881,454.57;USD
1504;5669;533,447.58;8,250,650.05;GBP
6515;644;-72,449.92;13,491,565.77;GBP
7477;2202;528,839.71;-1,603,165.03;USD
4906;5390;-13,786.16;14,464,452.03;USD
5795;5127;811,574.48;-5,474,606.20;USD
6981;7751;-320,257.64;11,885,078.51;GBP
3082;6844;993,907.33;-6,426,568.63;GBP
6753;2775;977,399.24;8,727,488.87;USD
1308;7333;648,848.09;9,845,380.60;USD
3029;5041;992,024.29;9,795,801.73;USD
154;8780;743,137.21;13,126,785.47;GBP
212;3130;939,029.69;9,738,305.42;GBP
705;8634;769,273.84;11,153,517.00;USD
7114;296;782,442.18;14,101,599.17;USD
6945;2009;835,665.47;13,406,526.80;USD
2602;7924;-447,908.73;9,913,702.69;GBP
4171;8139;-236,519.06;13,469,319.56;GBP
5526;9963;863,475.41;-2,929,629.65;USD
6150;2082;949,792.23;-1,764,814.49;USD
713;6674;-115,478.82;9,930,854.53;USD
6687;7001;645,558.64;8,042,027.60;GBP
