TranNum;InsNum;Index;Tenor;Gpt_Id;Delta
4342;6941;Estr;1Y;4;-2,329.65
7512;8197;Estr;2Y;5;6,916.90
5669;1504;Sonia;8Y;8;-2,789.48
644;6515;Sonia;5Y;7;-4,281.10
2202;7477;Estr;3Y;6;-1,760.23
5390;4906;Estr;6M;3;5,568.57
5127;5795;Estr;1Y;4;-4,240.27
7751;6981;Sonia;2W;1;8,259.14
6844;3082;Sonia;3M;2;5,490.28
2775;6753;Estr;30Y;11;7,151.89
7333;1308;Estr;25Y;10;-899.58
5041;3029;Estr;25Y;10;7,164.67
8780;154;Sonia;15Y;9;5,634.78
3130;212;Sonia;1Y;4;8,830.61
8634;705;Estr;2Y;5;-656.99
296;7114;Estr;8Y;8;6,003.87
2009;6945;Estr;5Y;7;-1,184.13
7924;2602;Sonia;3Y;6;-2,408.56
8139;4171;Sonia;6M;3;-1,191.00
9963;5526;Estr;1Y;4;9,858.60
2082;6150;Estr;2W;1;5,062.66
6674;713;Estr;3M;2;-881.00
7001;6687;Sonia;30Y;11;6,988.29
6941;4342;Sofr;25Y;10;-2,676.65
8197;7512;Sofr;25Y;10;9,010.90
1504;5669;Sonia;15Y;9;-3,253.22
6515;644;Sonia;1Y;4;6,929.02
7477;2202;Sofr;2Y;5;7,062.44
4906;5390;Sofr;8Y;8;6,918.36
5795;5127;Sofr;5Y;7;-3,621.24
6981;7751;Sonia;3Y;6;-2,373.09
3082;6844;Sonia;6M;3;8,300.34
6753;2775;Sofr;1Y;4;7,585.21
1308;7333;Sofr;2W;1;7,484.74
3029;5041;Sofr;3M;2;6,128.88
154;8780;Sonia;30Y;11;-4,976.04
212;3130;Sonia;25Y;10;-1,724.83
705;8634;Sofr;25Y;10;7,517.44
7114;296;Sofr;15Y;9;6,228.43
6945;2009;Sofr;1Y;4;-850.00
2602;7924;Sonia;2Y;5;8,174.94
4171;8139;Sonia;8Y;8;-1,748.74
5526;9963;Sofr;5Y;7;-3,910.27
6150;2082;Sofr;3Y;6;6,120.35
713;6674;Sofr;6M;3;9,512.44
6687;7001;Sonia;1Y;4;-1,456.49
4342;6941;Estr;25Y;10;-304.81
7512;8197;Estr;15Y;9;6,392.73
5669;1504;Sonia;1Y;4;9,829.05
644;6515;Sonia;2Y;5;6,751.84
2202;7477;Estr;8Y;8;-1,859.07
5390;4906;Estr;5Y;7;9,941.87
5127;5795;Estr;3Y;6;-1,597.60
7751;6981;Sonia;6M;3;-613.27
6844;3082;Sonia;1Y;4;7,158.76
2775;6753;Estr;25Y;10;7,560.37
7333;1308;Estr;15Y;9;5,991.13
5041;3029;Estr;1Y;4;6,099.65
8780;154;Sonia;2Y;5;-4,016.00
3130;212;Sonia;8Y;8;7,254.63
8634;705;Estr;5Y;7;-1,862.06
296;7114;Estr;3Y;6;-1,102.18
2009;6945;Estr;6M;3;7,938.89
7924;2602;Sonia;1Y;4;7,610.67
8139;4171;Sonia;25Y;10;-2,624.53
9963;5526;Estr;15Y;9;-3,368.64
2082;6150;Estr;1Y;4;-2,418.44
6674;713;Estr;2Y;5;7,881.34
7001;6687;Sonia;8Y;8;-3,711.12
6941;4342;Sofr;5Y;7;8,086.08
8197;7512;Sofr;3Y;6;-2,552.03
1504;5669;Sonia;6M;3;7,601.27
6515;644;Sonia;1Y;4;-727.39
7477;2202;Sofr;25Y;10;-3,011.98
4906;5390;Sofr;15Y;9;-1,531.48
5795;5127;Sofr;1Y;4;-4,066.38
6981;7751;Sonia;2Y;5;9,095.35
3082;6844;Sonia;8Y;8;-2,210.68
6753;2775;Sofr;5Y;7;5,284.14
1308;7333;Sofr;3Y;6;-3,571.27
3029;5041;Sofr;6M;3;-1,170.31
154;8780;Sonia;1Y;4;7,308.47
212;3130;Sonia;25Y;10;-2,167.03
705;8634;Sofr;15Y;9;-1,476.22
7114;296;Sofr;1Y;4;-2,794.27
6945;2009;Sofr;2Y;5;-226.57
2602;7924;Sonia;8Y;8;5,447.98
4171;8139;Sonia;5Y;7;-2,548.79
5526;9963;Sofr;3Y;6;5,217.21
6150;2082;Sofr;6M;3;-583.60
713;6674;Sofr;1Y;4;-2,735.31
6687;7001;Sonia;25Y;10;-2,706.59
4342;6941;Estr;1Y;4;-1,532.80
7512;8197;Estr;2Y;5;5,018.58
5669;1504;Sonia;8Y;8;-4,182.69
644;6515;Sonia;5Y;7;8,736.80
2202;7477;Estr;3Y;6;-2,902.20
5390;4906;Estr;6M;3;5,372.60
5127;5795;Estr;1Y;4;5,935.52
7751;6981;Sonia;25Y;10;5,156.71
6844;3082;Sonia;15Y;9;-310.25
2775;6753;Estr;1Y;4;-1,060.33
7333;1308;Estr;2Y;5;-1,486.93
5041;3029;Estr;8Y;8;9,852.56
8780;154;Sonia;5Y;7;5,790.57
3130;212;Sonia;1Y;4;5,283.64
8634;705;Estr;2Y;5;-2,184.64
296;7114;Estr;8Y;8;-1,965.74
2009;6945;Estr;5Y;7;-1,622.79
7924;2602;Sonia;3Y;6;-3,172.61
8139;4171;Sonia;6M;3;-3,747.64
9963;5526;Estr;1Y;4;8,622.70
2082;6150;Estr;25Y;10;6,878.45
6674;713;Estr;15Y;9;-1,479.63
7001;6687;Sonia;1Y;4;-3,068.59
6941;4342;Sofr;2Y;5;5,686.92
8197;7512;Sofr;8Y;8;7,929.95
1504;5669;Sonia;5Y;7;7,933.33
6515;644;Sonia;1Y;4;9,544.86
7477;2202;Sofr;2Y;5;-4,583.04
4906;5390;Sofr;8Y;8;-1,785.49
5795;5127;Sofr;5Y;7;8,861.38
6981;7751;Sonia;3Y;6;9,928.66
3082;6844;Sonia;6M;3;-586.13
6753;2775;Sofr;1Y;4;5,043.28
1308;7333;Sofr;25Y;10;6,766.75
3029;5041;Sofr;15Y;9;-3,590.50
154;8780;Sonia;1Y;4;8,464.72
212;3130;Sonia;2Y;5;-390.21
705;8634;Sofr;8Y;8;-3,024.07
7114;296;Sofr;5Y;7;5,735.16
6945;2009;Sofr;1Y;4;5,579.48
2602;7924;Sonia;2Y;5;9,297.68
4171;8139;Sonia;8Y;8;-3,188.75
5526;9963;Sofr;5Y;7;6,023.63
6150;2082;Sofr;3Y;6;-2,351.10
713;6674;Sofr;6M;3;-4,071.70
6687;7001;Sonia;1Y;4;-4,015.52
4342;6941;Estr;25Y;10;8,367.53
7512;8197;Estr;15Y;9;5,493.93
5669;1504;Sonia;1Y;4;6,774.61
644;6515;Sonia;2Y;5;9,460.53
2202;7477;Estr;8Y;8;7,400.64
5390;4906;Estr;5Y;7;9,423.61
5127;5795;Estr;1Y;4;9,646.27
7751;6981;Sonia;2Y;5;-1,502.94
6844;3082;Sonia;8Y;8;9,377.92
2775;6753;Estr;5Y;7;-4,169.35
7333;1308;Estr;3Y;6;7,219.76
5041;3029;Estr;6M;3;7,475.13
8780;154;Sonia;1Y;4;7,198.57
3130;212;Sonia;25Y;10;-3,945.69
8634;705;Estr;15Y;9;-3,606.39
296;7114;Estr;1Y;4;5,081.89
2009;6945;Estr;2Y;5;-2,649.74
7924;2602;Sonia;8Y;8;-2,553.01
8139;4171;Sonia;5Y;7;-3,645.11
9963;5526;Estr;1Y;4;9,930.66
2082;6150;Estr;2Y;5;9,905.45
6674;713;Estr;8Y;8;-4,094.00
7001;6687;Sonia;5Y;7;6,013.61
6941;4342;Sofr;3Y;6;9,269.06
8197;7512;Sofr;6M;3;-682.44
1504;5669;Sonia;1Y;4;8,929.32
6515;644;Sonia;25Y;10;-4,438.94
7477;2202;Sofr;15Y;9;-3,674.17
4906;5390;Sofr;1Y;4;5,307.63
5795;5127;Sofr;2Y;5;-525.70
6981;7751;Sonia;8Y;8;9,993.30
3082;6844;Sonia;5Y;7;7,516.09
6753;2775;Sofr;1Y;4;5,727.47
1308;7333;Sofr;2Y;5;-927.02
3029;5041;Sofr;8Y;8;5,125.87
154;8780;Sonia;5Y;7;-1,146.71
212;3130;Sonia;3Y;6;6,619.13
705;8634;Sofr;6M;3;-4,586.92
7114;296;Sofr;1Y;4;6,924.80
6945;2009;Sofr;25Y;10;-2,946.82
2602;7924;Sonia;15Y;9;5,769.68
4171;8139;Sonia;1Y;4;5,425.69
5526;9963;Sofr;2Y;5;9,017.61
6150;2082;Sofr;8Y;8;-218.66
713;6674;Sofr;5Y;7;-3,894.04
6687;7001;Sonia;1Y;4;5,508.00
4342;6941;Estr;3M;2;7,167.83
7512;8197;Estr;30Y;11;6,199.84
5669;1504;Sonia;25Y;10;6,231.30
644;6515;Sonia;25Y;10;7,399.98
2202;7477;Estr;15Y;9;-4,618.02
5390;4906;Estr;1Y;4;9,359.63
5127;5795;Estr;2Y;5;6,575.85
7751;6981;Sonia;8Y;8;-1,674.96
6844;3082;Sonia;5Y;7;-3,812.77
2775;6753;Estr;3Y;6;-740.39
7333;1308;Estr;6M;3;6,109.17
5041;3029;Estr;1Y;4;-2,685.46
8780;154;Sonia;2W;1;-2,090.83
3130;212;Sonia;3M;2;-4,874.35
8634;705;Estr;30Y;11;-4,559.35
296;7114;Estr;25Y;10;6,168.43
2009;6945;Estr;25Y;10;9,960.44
7924;2602;Sonia;15Y;9;-4,202.14
8139;4171;Sonia;1Y;4;7,385.19
9963;5526;Estr;2Y;5;-547.44
2082;6150;Estr;8Y;8;6,863.17
6674;713;Estr;5Y;7;-4,651.85
7001;6687;Sonia;3Y;6;-1,115.57
6941;4342;Sofr;6M;3;-3,288.87
8197;7512;Sofr;1Y;4;-1,811.79
1504;5669;Sonia;2W;1;7,823.51
6515;644;Sonia;3M;2;8,577.78
7477;2202;Sofr;30Y;11;-1,966.17
4906;5390;Sofr;25Y;10;8,651.71
5795;5127;Sofr;25Y;10;-3,700.17
6981;7751;Sonia;15Y;9;5,350.65
3082;6844;Sonia;1Y;4;6,139.12
6753;2775;Sofr;2Y;5;8,457.57
1308;7333;Sofr;8Y;8;-3,794.48
3029;5041;Sofr;5Y;7;9,709.85
154;8780;Sonia;3Y;6;-4,676.32
212;3130;Sonia;6M;3;-2,204.00
705;8634;Sofr;1Y;4;9,519.92
7114;296;Sofr;25Y;10;6,864.46
6945;2009;Sofr;15Y;9;-4,798.56
2602;7924;Sonia;1Y;4;-413.21
4171;8139;Sonia;2Y;5;-4,451.02
5526;9963;Sofr;3M;2;5,178.74
6150;2082;Sofr;30Y;11;8,583.07
713;6674;Sofr;25Y;10;9,090.33
6687;7001;Sonia;25Y;10;8,056.09
4342;6941;Estr;15Y;9;7,504.04
7512;8197;Estr;1Y;4;7,687.55
5669;1504;Sonia;2Y;5;-1,264.12
644;6515;Sonia;8Y;8;-2,209.06
2202;7477;Estr;5Y;7;5,244.78
5390;4906;Estr;3Y;6;-1,397.63
5127;5795;Estr;6M;3;6,034.04
7751;6981;Sonia;1Y;4;-3,878.92
6844;3082;Sonia;2W;1;-1,065.64
2775;6753;Estr;3M;2;9,957.48
7333;1308;Estr;30Y;11;-1,467.04
5041;3029;Estr;25Y;10;6,847.92
8780;154;Sonia;25Y;10;7,206.46
3130;212;Sonia;15Y;9;5,968.37
8634;705;Estr;1Y;4;-895.25
296;7114;Estr;2Y;5;9,285.93
2009;6945;Estr;8Y;8;6,411.76
7924;2602;Sonia;5Y;7;-726.48
8139;4171;Sonia;3Y;6;-3,390.90
9963;5526;Estr;6M;3;-3,916.08
2082;6150;Estr;1Y;4;5,282.86
6674;713;Estr;2W;1;6,064.55
7001;6687;Sonia;3M;2;6,000.82
6941;4342;Sofr;30Y;11;-772.85
8197;7512;Sofr;25Y;10;9,673.84
1504;5669;Sonia;25Y;10;8,958.41
6515;644;Sonia;15Y;9;-302.40
7477;2202;Sofr;1Y;4;-3,178.67
4906;5390;Sofr;2Y;5;5,541.26
5795;5127;Sofr;8Y;8;-4,133.08
6981;7751;Sonia;5Y;7;7,880.44
3082;6844;Sonia;3Y;6;-3,256.44
6753;2775;Sofr;6M;3;6,050.64
1308;7333;Sofr;1Y;4;-3,180.53
3029;5041;Sofr;25Y;10;-3,643.92
154;8780;Sonia;15Y;9;9,581.53
212;3130;Sonia;1Y;4;9,098.99
705;8634;Sofr;2Y;5;-3,121.20
7114;296;Sofr;3M;2;-4,595.39
6945;2009;Sofr;30Y;11;-56.37
2602;7924;Sonia;25Y;10;9,088.26
4171;8139;Sonia;25Y;10;6,519.44
5526;9963;Sofr;15Y;9;9,787.32
6150;2082;Sofr;1Y;4;5,277.25
713;6674;Sofr;2Y;5;5,155.97
6687;7001;Sonia;8Y;8;9,715.19
4342;6941;Estr;5Y;7;-2,027.02
7512;8197;Estr;3Y;6;-2,884.63
5669;1504;Sonia;6M;3;5,891.37
644;6515;Sonia;1Y;4;-4,116.14
2202;7477;Estr;2W;1;-1,959.32
5390;4906;Estr;3M;2;-4,693.64
5127;5795;Estr;30Y;11;5,196.81
7751;6981;Sonia;25Y;10;5,568.80
6844;3082;Sonia;25Y;10;6,838.98
2775;6753;Estr;15Y;9;-2,142.70
7333;1308;Estr;1Y;4;-1,018.88
5041;3029;Estr;2Y;5;-4,287.65
8780;154;Sonia;8Y;8;8,227.15
3130;212;Sonia;5Y;7;-935.09
8634;705;Estr;3Y;6;6,111.52
296;7114;Estr;6M;3;-1,899.38
2009;6945;Estr;1Y;4;8,987.19
7924;2602;Sonia;2W;1;-465.74
8139;4171;Sonia;3M;2;8,512.55
9963;5526;Estr;30Y;11;8,436.99
2082;6150;Estr;25Y;10;9,510.36
6674;713;Estr;25Y;10;-836.51
7001;6687;Sonia;15Y;9;7,203.36
6941;4342;Sofr;1Y;4;-2,509.61
8197;7512;Sofr;2Y;5;5,608.75
1504;5669;Sonia;8Y;8;5,339.03
6515;644;Sonia;5Y;7;-3,980.68
7477;2202;Sofr;3Y;6;-1,008.32
4906;5390;Sofr;6M;3;-696.35
5795;5127;Sofr;1Y;4;7,069.25
6981;7751;Sonia;25Y;10;6,554.21
3082;6844;Sonia;15Y;9;-4,875.49
6753;2775;Sofr;1Y;4;-4,375.25
1308;7333;Sofr;2Y;5;7,356.33
3029;5041;Sofr;3M;2;-272.46
154;8780;Sonia;30Y;11;-1,628.60
212;3130;Sonia;25Y;10;-4,073.76
705;8634;Sofr;25Y;10;-351.78
7114;296;Sofr;15Y;9;6,935.51
6945;2009;Sofr;1Y;4;-3,035.17
2602;7924;Sonia;2Y;5;-4,014.80
4171;8139;Sonia;8Y;8;-192.42
5526;9963;Sofr;5Y;7;6,068.32
6150;2082;Sofr;3Y;6;9,156.20
713;6674;Sofr;6M;3;5,247.04
6687;7001;Sonia;1Y;4;9,573.24
4342;6941;Estr;2W;1;-706.50
7512;8197;Estr;3M;2;6,784.02
5669;1504;Sonia;30Y;11;-4,344.60
644;6515;Sonia;25Y;10;-957.51
2202;7477;Estr;25Y;10;-3,370.41
5390;4906;Estr;15Y;9;-2,326.77
5127;5795;Estr;1Y;4;-1,198.35
7751;6981;Sonia;2Y;5;8,449.50
6844;3082;Sonia;8Y;8;-4,780.38
2775;6753;Estr;5Y;7;-1,266.08
7333;1308;Estr;3Y;6;-4,593.81
5041;3029;Estr;6M;3;-1,943.31
8780;154;Sonia;1Y;4;8,314.84
3130;212;Sonia;2W;1;6,797.50
8634;705;Estr;3M;2;7,706.34
296;7114;Estr;30Y;11;7,864.91
2009;6945;Estr;25Y;10;-662.91
7924;2602;Sonia;25Y;10;-307.04
8139;4171;Sonia;15Y;9;6,329.75
9963;5526;Estr;1Y;4;5,010.33
2082;6150;Estr;2Y;5;6,369.25
6674;713;Estr;8Y;8;-2,805.47
7001;6687;Sonia;5Y;7;-1,074.91
6941;4342;Sofr;3Y;6;-1,542.62
8197;7512;Sofr;6M;3;6,393.21
1504;5669;Sonia;1Y;4;5,033.74
6515;644;Sonia;25Y;10;6,227.01
7477;2202;Sofr;15Y;9;7,990.46
4906;5390;Sofr;1Y;4;5,893.60
5795;5127;Sofr;2Y;5;-240.86
6981;7751;Sonia;3M;2;7,676.30
3082;6844;Sonia;30Y;11;6,433.05
6753;2775;Sofr;25Y;10;7,811.33
1308;7333;Sofr;25Y;10;-1,932.48
3029;5041;Sofr;15Y;9;-1,536.23
154;8780;Sonia;1Y;4;-1,476.98
212;3130;Sonia;2Y;5;6,308.84
705;8634;Sofr;8Y;8;-359.03
7114;296;Sofr;5Y;7;7,761.89
6945;2009;Sofr;3Y;6;-4,511.64
2602;7924;Sonia;6M;3;-184.82
4171;8139;Sonia;1Y;4;8,747.75
5526;9963;Sofr;2W;1;6,939.40
6150;2082;Sofr;3M;2;-3,024.40
713;6674;Sofr;30Y;11;6,462.34
6687;7001;Sonia;25Y;10;-1,163.68
